<?xml version="1.0" encoding="UTF-8"?>
<!DOCTYPE suite SYSTEM "http://testng.org/testng-1.0.dtd">
<suite name="Suite">
   <listeners>
		<listener class-name="com.sof.utility.TestListener" />
	</listeners>
  <parameter name="browserType" value="chrome" />
	<parameter name="appURL" value="https://stackoverflow.com/" />
	<test thread-count="8" name="Test">
		<classes>
			<class name="com.sof.utility.BaseClassSOF"  />
			<class name="com.sof.verifytest.SOF_Test"  />
			</classes>
	</test> 
</suite> <!-- Suite -->
